1/1/1970 12:32:10 AM,Incorrect Password Entered: 1234
12/29/2011 4:38:33 PM,Incorrect Password Entered: 1234
12/29/2011 4:38:42 PM,Unlocked
12/29/2011 4:38:54 PM,Password Changed to: 5678
12/29/2011 4:39:01 PM,Password Changed to: 1234
12/29/2011 4:39:06 PM,Locked
12/29/2011 4:39:10 PM,Unlocked
12/29/2011 4:39:17 PM,Locked
12/29/2011 4:39:26 PM,Unlocked
12/29/2011 4:39:31 PM,Locked
12/29/2011 4:39:40 PM,Incorrect Password Entered: 5623
12/29/2011 4:39:49 PM,Unlocked
12/29/2011 4:39:53 PM,Locked
12/30/2011 9:41:06 AM,Unlocked
12/30/2011 9:41:18 AM,Locked
12/30/2011 9:41:49 AM,Unlocked
12/30/2011 9:43:25 AM,Password Changed to: 9999
12/30/2011 9:43:29 AM,Locked
12/30/2011 9:43:36 AM,Unlocked
12/30/2011 9:43:43 AM,Locked
12/30/2011 9:43:52 AM,Unlocked
12/30/2011 9:44:07 AM,Password Changed to: 1234
12/30/2011 9:44:13 AM,Locked
12/30/2011 9:44:47 AM,Unlocked
12/30/2011 9:46:30 AM,Locked
12/30/2011 12:05:31 PM,Incorrect Password Entered: 5678
12/30/2011 12:05:38 PM,Incorrect Password Entered: 9999
12/30/2011 12:05:55 PM,Unlocked
12/30/2011 12:06:00 PM,Locked
12/30/2011 12:06:21 PM,Unlocked
12/30/2011 12:06:28 PM,Locked
12/30/2011 12:07:16 PM,Unlocked
12/30/2011 12:07:25 PM,Locked
12/30/2011 12:07:50 PM,Unlocked
12/30/2011 12:07:56 PM,Locked
12/30/2011 12:08:17 PM,Unlocked
12/30/2011 12:08:22 PM,Locked
12/30/2011 1:38:42 PM,Unlocked
